regione,età,value
Piemonte,0,27785
Valle d'Aosta / Vallée d'Aoste,0,835
Liguria,0,8632
Lombardia,0,72560
Provincia Autonoma Bolzano / Bozen,0,5225
Provincia Autonoma Trento,0,4243
Veneto,0,33275
Friuli-Venezia Giulia,0,7450
Emilia-Romagna,0,30914
Toscana,0,23220
Umbria,0,5488
Marche,0,9582
Lazio,0,38162
Abruzzo,0,8372
Molise,0,1888
Campania,0,46010
Puglia,0,27126
Basilicata,0,3630
Calabria,0,14177
Sicilia,0,37683
Sardegna,0,8717
Provincia Autonoma Trento,1,4427
Valle d'Aosta / Vallée d'Aoste,1,893
Emilia-Romagna,1,32779
Basilicata,1,3639
Lombardia,1,76022
Provincia Autonoma Bolzano / Bozen,1,5309
Liguria,1,8971
Marche,1,10140
Sicilia,1,39459
Sardegna,1,9211
Calabria,1,14777
Abruzzo,1,8810
Lazio,1,42329
Piemonte,1,28996
Veneto,1,35392
Puglia,1,28416
Friuli-Venezia Giulia,1,7802
Toscana,1,24713
Molise,1,1863
Campania,1,47138
Umbria,1,5699
Valle d'Aosta / Vallée d'Aoste,2,888
Emilia-Romagna,2,33739
Sardegna,2,10006
Basilicata,2,3898
Campania,2,49346
Toscana,2,26112
Marche,2,10706
Umbria,2,5992
Puglia,2,29647
Molise,2,2079
Sicilia,2,40502
Abruzzo,2,9436
Calabria,2,15345
Friuli-Venezia Giulia,2,8229
Veneto,2,36931
Lazio,2,44307
Provincia Autonoma Trento,2,4584
Piemonte,2,30833
Lombardia,2,79620
Liguria,2,9674
Provincia Autonoma Bolzano / Bozen,2,5440
Umbria,3,6381
Lazio,3,46590
Abruzzo,3,9971
Campania,3,49478
Emilia-Romagna,3,35347
Friuli-Venezia Giulia,3,8615
Provincia Autonoma Trento,3,4737
Veneto,3,38142
Molise,3,2026
Basilicata,3,3968
Valle d'Aosta / Vallée d'Aoste,3,951
Liguria,3,9926
Provincia Autonoma Bolzano / Bozen,3,5541
Piemonte,3,32053
Marche,3,11402
Sardegna,3,10423
Lombardia,3,82300
Toscana,3,27031
Calabria,3,15628
Sicilia,3,40589
Puglia,3,30597
Valle d'Aosta / Vallée d'Aoste,4,961
Veneto,4,39268
Lombardia,4,85067
Piemonte,4,32833
Liguria,4,10202
Lazio,4,47781
Umbria,4,6428
Abruzzo,4,10085
Molise,4,2115
Campania,4,50210
Friuli-Venezia Giulia,4,8715
Provincia Autonoma Trento,4,4878
Emilia-Romagna,4,36507
Puglia,4,30971
Calabria,4,15901
Provincia Autonoma Bolzano / Bozen,4,5518
Toscana,4,27602
Sardegna,4,10967
Marche,4,11861
Basilicata,4,3996
Sicilia,4,41903
Piemonte,5,34181
Valle d'Aosta / Vallée d'Aoste,5,1050
Provincia Autonoma Trento,5,4944
Toscana,5,29161
Lombardia,5,87242
Veneto,5,40633
Liguria,5,10858
Emilia-Romagna,5,37450
Friuli-Venezia Giulia,5,9243
Provincia Autonoma Bolzano / Bozen,5,5692
Umbria,5,6845
Marche,5,12179
Lazio,5,49513
Abruzzo,5,10300
Molise,5,2153
Campania,5,50945
Puglia,5,32418
Basilicata,5,4045
Calabria,5,16068
Sicilia,5,42972
Sardegna,5,11252
Emilia-Romagna,6,38385
Provincia Autonoma Trento,6,5211
Molise,6,2192
Piemonte,6,35065
Lombardia,6,88821
Valle d'Aosta / Vallée d'Aoste,6,1033
Veneto,6,41614
Basilicata,6,4026
Sicilia,6,42416
Calabria,6,16075
Abruzzo,6,10453
Lazio,6,50450
Friuli-Venezia Giulia,6,9426
Provincia Autonoma Bolzano / Bozen,6,5412
Sardegna,6,11614
Toscana,6,29467
Puglia,6,33061
Campania,6,52006
Liguria,6,10956
Marche,6,12490
Umbria,6,7118
Basilicata,7,4406
Sardegna,7,12206
Lazio,7,53333
Sicilia,7,44542
Umbria,7,7461
Abruzzo,7,10966
Molise,7,2245
Marche,7,12818
Calabria,7,16483
Toscana,7,31289
Puglia,7,34277
Campania,7,54373
Provincia Autonoma Bolzano / Bozen,7,5625
Lombardia,7,92013
Piemonte,7,36414
Provincia Autonoma Trento,7,5234
Emilia-Romagna,7,39593
Valle d'Aosta / Vallée d'Aoste,7,1124
Veneto,7,43637
Friuli-Venezia Giulia,7,9844
Liguria,7,11590
Basilicata,8,4374
Sardegna,8,12843
Piemonte,8,36698
Provincia Autonoma Trento,8,5377
Lombardia,8,93991
Emilia-Romagna,8,40376
Provincia Autonoma Bolzano / Bozen,8,5524
Friuli-Venezia Giulia,8,10021
Valle d'Aosta / Vallée d'Aoste,8,1182
Lazio,8,53295
Calabria,8,16714
Umbria,8,7552
Abruzzo,8,11115
Molise,8,2316
Liguria,8,11409
Veneto,8,44439
Puglia,8,35383
Sicilia,8,44642
Marche,8,13452
Toscana,8,31668
Campania,8,55531
Puglia,9,36556
Calabria,9,17254
Toscana,9,32704
Campania,9,57239
Marche,9,13632
Lazio,9,54609
Friuli-Venezia Giulia,9,10410
Sardegna,9,13244
Piemonte,9,37577
Umbria,9,7742
Valle d'Aosta / Vallée d'Aoste,9,1155
Lombardia,9,96782
Basilicata,9,4527
Provincia Autonoma Bolzano / Bozen,9,5533
Sicilia,9,46202
Emilia-Romagna,9,41720
Liguria,9,11930
Molise,9,2444
Provincia Autonoma Trento,9,5559
Veneto,9,45848
Abruzzo,9,11479
Sardegna,10,13277
Piemonte,10,38651
Valle d'Aosta / Vallée d'Aoste,10,1224
Provincia Autonoma Bolzano / Bozen,10,5484
Sicilia,10,47207
Provincia Autonoma Trento,10,5490
Basilicata,10,4722
Emilia-Romagna,10,42417
Molise,10,2271
Umbria,10,7706
Abruzzo,10,11286
Calabria,10,17491
Puglia,10,36955
Liguria,10,12472
Lombardia,10,98664
Marche,10,14000
Toscana,10,32840
Campania,10,58784
Lazio,10,54780
Veneto,10,46493
Friuli-Venezia Giulia,10,10550
Piemonte,11,38936
Valle d'Aosta / Vallée d'Aoste,11,1204
Liguria,11,12738
Veneto,11,47439
Provincia Autonoma Trento,11,5601
Emilia-Romagna,11,42163
Provincia Autonoma Bolzano / Bozen,11,5679
Marche,11,14074
Sicilia,11,48062
Umbria,11,8132
Toscana,11,33856
Molise,11,2471
Lombardia,11,98737
Friuli-Venezia Giulia,11,10534
Lazio,11,55204
Abruzzo,11,11691
Basilicata,11,4852
Calabria,11,17693
Campania,11,59471
Puglia,11,37473
Sardegna,11,13327
Lombardia,12,97568
Liguria,12,12464
Emilia-Romagna,12,41874
Umbria,12,8097
Friuli-Venezia Giulia,12,10734
Lazio,12,55430
Molise,12,2481
Veneto,12,46938
Calabria,12,17760
Abruzzo,12,11487
Sicilia,12,47764
Puglia,12,37915
Marche,12,13867
Basilicata,12,4792
Toscana,12,33547
Campania,12,60734
Sardegna,12,13297
Piemonte,12,38912
Valle d'Aosta / Vallée d'Aoste,12,1207
Provincia Autonoma Bolzano / Bozen,12,5731
Provincia Autonoma Trento,12,5426
Marche,13,13695
Calabria,13,18278
Liguria,13,12639
Sardegna,13,13394
Toscana,13,33276
Lombardia,13,97967
Provincia Autonoma Bolzano / Bozen,13,5701
Valle d'Aosta / Vallée d'Aoste,13,1235
Basilicata,13,4953
Sicilia,13,48748
Emilia-Romagna,13,41506
Veneto,13,47008
Abruzzo,13,11364
Piemonte,13,38350
Puglia,13,38162
Molise,13,2479
Provincia Autonoma Trento,13,5536
Umbria,13,7982
Lazio,13,54995
Friuli-Venezia Giulia,13,10690
Campania,13,61105
Sicilia,14,49699
Sardegna,14,13476
Liguria,14,12571
Piemonte,14,38154
Valle d'Aosta / Vallée d'Aoste,14,1142
Lombardia,14,95729
Provincia Autonoma Bolzano / Bozen,14,5818
Provincia Autonoma Trento,14,5578
Veneto,14,46717
Friuli-Venezia Giulia,14,10511
Emilia-Romagna,14,40843
Toscana,14,33165
Umbria,14,7948
Marche,14,13666
Lazio,14,53249
Abruzzo,14,11488
Molise,14,2548
Campania,14,61704
Puglia,14,38866
Basilicata,14,4920
Calabria,14,18079
Piemonte,15,38113
Valle d'Aosta / Vallée d'Aoste,15,1175
Liguria,15,12648
Lombardia,15,96079
Provincia Autonoma Bolzano / Bozen,15,5792
Provincia Autonoma Trento,15,5737
Veneto,15,47337
Friuli-Venezia Giulia,15,10580
Emilia-Romagna,15,40458
Toscana,15,33144
Umbria,15,7743
Marche,15,13700
Lazio,15,53681
Campania,15,63793
Puglia,15,40267
Sardegna,15,13266
Abruzzo,15,11594
Molise,15,2566
Basilicata,15,5246
Calabria,15,18665
Sicilia,15,50626
Liguria,16,12429
Abruzzo,16,11513
Molise,16,2603
Campania,16,64520
Puglia,16,40598
Basilicata,16,5289
Calabria,16,18700
Sicilia,16,50616
Piemonte,16,38254
Valle d'Aosta / Vallée d'Aoste,16,1182
Lombardia,16,94090
Provincia Autonoma Bolzano / Bozen,16,5760
Provincia Autonoma Trento,16,5501
Veneto,16,46459
Friuli-Venezia Giulia,16,10517
Emilia-Romagna,16,39494
Toscana,16,32348
Umbria,16,7656
Marche,16,13552
Lazio,16,53171
Sardegna,16,13754
Piemonte,17,37717
Valle d'Aosta / Vallée d'Aoste,17,1115
Liguria,17,12778
Lombardia,17,92846
Provincia Autonoma Bolzano / Bozen,17,5615
Provincia Autonoma Trento,17,5549
Veneto,17,45949
Friuli-Venezia Giulia,17,10384
Emilia-Romagna,17,39815
Toscana,17,32589
Umbria,17,7668
Marche,17,13682
Lazio,17,52271
Puglia,17,40771
Sardegna,17,13537
Abruzzo,17,11386
Molise,17,2672
Campania,17,64111
Basilicata,17,5466
Calabria,17,18573
Sicilia,17,50895
Veneto,18,45918
Friuli-Venezia Giulia,18,10586
Emilia-Romagna,18,39910
Toscana,18,32647
Umbria,18,7600
Marche,18,13658
Lazio,18,52733
Abruzzo,18,11793
Molise,18,2740
Campania,18,65819
Puglia,18,42045
Basilicata,18,5529
Calabria,18,19403
Sicilia,18,52375
Sardegna,18,13883
Piemonte,18,38009
Valle d'Aosta / Vallée d'Aoste,18,1183
Liguria,18,12942
Lombardia,18,94438
Provincia Autonoma Bolzano / Bozen,18,5886
Provincia Autonoma Trento,18,5610
Piemonte,19,39639
Valle d'Aosta / Vallée d'Aoste,19,1226
Liguria,19,13239
Lombardia,19,96559
Provincia Autonoma Bolzano / Bozen,19,6008
Provincia Autonoma Trento,19,5764
Veneto,19,47924
Friuli-Venezia Giulia,19,10944
Emilia-Romagna,19,40826
Toscana,19,33175
Umbria,19,7825
Marche,19,14274
Lazio,19,53789
Abruzzo,19,12059
Molise,19,2867
Campania,19,67244
Puglia,19,43127
Basilicata,19,5748
Calabria,19,20067
Sicilia,19,53999
Sardegna,19,14441
Piemonte,20,39254
Liguria,20,13138
Lombardia,20,95790
Provincia Autonoma Trento,20,5724
Valle d'Aosta / Vallée d'Aoste,20,1192
Provincia Autonoma Bolzano / Bozen,20,6056
Veneto,20,47264
Friuli-Venezia Giulia,20,10586
Emilia-Romagna,20,40128
Toscana,20,32503
Umbria,20,7818
Marche,20,14235
Lazio,20,53247
Abruzzo,20,12025
Molise,20,2965
Campania,20,67525
Puglia,20,43140
Basilicata,20,5775
Calabria,20,20051
Sicilia,20,54663
Sardegna,20,14379
Piemonte,21,40093
Valle d'Aosta / Vallée d'Aoste,21,1201
Liguria,21,13388
Lombardia,21,96608
Provincia Autonoma Bolzano / Bozen,21,6132
Provincia Autonoma Trento,21,5796
Veneto,21,48008
Friuli-Venezia Giulia,21,10721
Emilia-Romagna,21,40470
Toscana,21,33274
Umbria,21,7913
Marche,21,14575
Lazio,21,54323
Abruzzo,21,12419
Molise,21,3142
Campania,21,67752
Puglia,21,43153
Basilicata,21,5775
Calabria,21,20443
Sicilia,21,53718
Sardegna,21,14113
Piemonte,22,39914
Valle d'Aosta / Vallée d'Aoste,22,1132
Liguria,22,13335
Lombardia,22,96156
Provincia Autonoma Trento,22,5674
Veneto,22,48016
Friuli-Venezia Giulia,22,10576
Emilia-Romagna,22,40493
Umbria,22,7868
Marche,22,14413
Sicilia,22,53774
Sardegna,22,14226
Provincia Autonoma Bolzano / Bozen,22,6240
Toscana,22,33054
Lazio,22,54205
Abruzzo,22,12361
Molise,22,3076
Campania,22,67634
Puglia,22,43025
Basilicata,22,5792
Calabria,22,20035
Sicilia,23,54051
Sardegna,23,14499
Piemonte,23,39449
Valle d'Aosta / Vallée d'Aoste,23,1216
Liguria,23,13646
Lombardia,23,95693
Provincia Autonoma Bolzano / Bozen,23,6155
Provincia Autonoma Trento,23,5726
Veneto,23,47568
Friuli-Venezia Giulia,23,10874
Emilia-Romagna,23,40409
Toscana,23,33080
Umbria,23,7916
Marche,23,14273
Lazio,23,54762
Abruzzo,23,12600
Molise,23,3077
Campania,23,68154
Puglia,23,43236
Basilicata,23,5865
Calabria,23,20533
Piemonte,24,39408
Valle d'Aosta / Vallée d'Aoste,24,1154
Liguria,24,13267
Lombardia,24,94989
Provincia Autonoma Bolzano / Bozen,24,5941
Provincia Autonoma Trento,24,5662
Veneto,24,46906
Friuli-Venezia Giulia,24,10567
Emilia-Romagna,24,40357
Toscana,24,32794
Umbria,24,7907
Marche,24,14428
Lazio,24,55343
Abruzzo,24,12479
Molise,24,3140
Campania,24,68102
Puglia,24,43064
Basilicata,24,5933
Calabria,24,20884
Sicilia,24,54442
Sardegna,24,14865
Piemonte,25,39827
Valle d'Aosta / Vallée d'Aoste,25,1142
Liguria,25,13350
Lombardia,25,96291
Provincia Autonoma Bolzano / Bozen,25,6094
Provincia Autonoma Trento,25,5679
Veneto,25,47084
Friuli-Venezia Giulia,25,10592
Emilia-Romagna,25,41222
Toscana,25,33081
Umbria,25,7948
Marche,25,14308
Lazio,25,55827
Abruzzo,25,12992
Molise,25,3240
Campania,25,68758
Puglia,25,43266
Basilicata,25,6063
Calabria,25,21328
Sicilia,25,55493
Sardegna,25,15035
Provincia Autonoma Bolzano / Bozen,26,5919
Provincia Autonoma Trento,26,5722
Veneto,26,47442
Friuli-Venezia Giulia,26,10761
Emilia-Romagna,26,41887
Toscana,26,33652
Umbria,26,8168
Marche,26,14600
Lazio,26,56857
Abruzzo,26,13374
Molise,26,3317
Campania,26,69828
Puglia,26,44292
Basilicata,26,6165
Calabria,26,22144
Sicilia,26,57091
Sardegna,26,15499
Piemonte,26,40479
Valle d'Aosta / Vallée d'Aoste,26,1136
Liguria,26,13579
Lombardia,26,98414
Piemonte,27,41959
Valle d'Aosta / Vallée d'Aoste,27,1233
Liguria,27,14327
Lombardia,27,102237
Provincia Autonoma Bolzano / Bozen,27,6097
Provincia Autonoma Trento,27,5983
Veneto,27,49338
Friuli-Venezia Giulia,27,11415
Emilia-Romagna,27,44397
Toscana,27,35574
Umbria,27,8604
Marche,27,15201
Lazio,27,59566
Abruzzo,27,13928
Molise,27,3427
Campania,27,72654
Puglia,27,46038
Basilicata,27,6635
Calabria,27,22754
Sicilia,27,59222
Sardegna,27,16153
Piemonte,28,42306
Valle d'Aosta / Vallée d'Aoste,28,1196
Liguria,28,14093
Lombardia,28,103414
Provincia Autonoma Bolzano / Bozen,28,6218
Veneto,28,49235
Abruzzo,28,13842
Molise,28,3396
Campania,28,71820
Puglia,28,45130
Basilicata,28,6473
Calabria,28,22573
Sicilia,28,58164
Sardegna,28,16480
Provincia Autonoma Trento,28,5857
Friuli-Venezia Giulia,28,11561
Emilia-Romagna,28,44978
Toscana,28,35477
Umbria,28,8484
Marche,28,15155
Lazio,28,59161
Basilicata,29,6707
Calabria,29,23144
Piemonte,29,43501
Valle d'Aosta / Vallée d'Aoste,29,1268
Liguria,29,14200
Lombardia,29,106567
Provincia Autonoma Bolzano / Bozen,29,6242
Provincia Autonoma Trento,29,5932
Veneto,29,50365
Friuli-Venezia Giulia,29,11698
Emilia-Romagna,29,46319
Toscana,29,37254
Umbria,29,8722
Marche,29,15551
Lazio,29,61170
Abruzzo,29,14063
Molise,29,3342
Sicilia,29,58539
Sardegna,29,17026
Campania,29,71252
Puglia,29,44931
Lombardia,30,107554
Provincia Autonoma Bolzano / Bozen,30,6158
Provincia Autonoma Trento,30,5867
Veneto,30,50132
Friuli-Venezia Giulia,30,11701
Emilia-Romagna,30,46150
Toscana,30,36930
Umbria,30,8918
Marche,30,15367
Lazio,30,61510
Abruzzo,30,14136
Molise,30,3349
Campania,30,70782
Puglia,30,44417
Basilicata,30,6498
Calabria,30,23414
Sicilia,30,58537
Sardegna,30,16982
Liguria,30,14198
Piemonte,30,42914
Valle d'Aosta / Vallée d'Aoste,30,1238
Provincia Autonoma Bolzano / Bozen,31,6097
Liguria,31,14540
Valle d'Aosta / Vallée d'Aoste,31,1281
Veneto,31,51262
Lombardia,31,110812
Friuli-Venezia Giulia,31,12010
Provincia Autonoma Trento,31,5995
Emilia-Romagna,31,46883
Toscana,31,38395
Umbria,31,9336
Marche,31,15725
Lazio,31,63705
Abruzzo,31,14409
Molise,31,3386
Campania,31,71677
Puglia,31,45508
Basilicata,31,6504
Calabria,31,23922
Sicilia,31,58784
Sardegna,31,17235
Piemonte,31,44185
Valle d'Aosta / Vallée d'Aoste,32,1241
Liguria,32,14198
Lombardia,32,109093
Provincia Autonoma Bolzano / Bozen,32,5920
Veneto,32,49585
Provincia Autonoma Trento,32,5977
Friuli-Venezia Giulia,32,11537
Emilia-Romagna,32,46864
Toscana,32,37573
Umbria,32,9027
Marche,32,15373
Lazio,32,63408
Sicilia,32,57281
Sardegna,32,17404
Piemonte,32,43190
Abruzzo,32,14156
Molise,32,3428
Puglia,32,44564
Campania,32,69391
Basilicata,32,6418
Calabria,32,23467
Piemonte,33,43888
Valle d'Aosta / Vallée d'Aoste,33,1244
Liguria,33,14100
Lombardia,33,110118
Provincia Autonoma Bolzano / Bozen,33,6050
Provincia Autonoma Trento,33,5873
Veneto,33,50111
Friuli-Venezia Giulia,33,11856
Emilia-Romagna,33,47438
Toscana,33,37676
Umbria,33,9190
Marche,33,15931
Lazio,33,63823
Abruzzo,33,14547
Molise,33,3340
Campania,33,68832
Puglia,33,44199
Basilicata,33,6253
Calabria,33,23184
Sicilia,33,57332
Sardegna,33,17417
Emilia-Romagna,34,49328
Toscana,34,39462
Marche,34,16290
Lazio,34,66870
Abruzzo,34,14947
Molise,34,3438
Campania,34,70390
Piemonte,34,45113
Umbria,34,9496
Puglia,34,44234
Basilicata,34,6513
Calabria,34,23295
Sicilia,34,57824
Sardegna,34,18119
Valle d'Aosta / Vallée d'Aoste,34,1299
Provincia Autonoma Trento,34,6031
Liguria,34,14741
Friuli-Venezia Giulia,34,12394
Provincia Autonoma Bolzano / Bozen,34,6178
Lombardia,34,113852
Veneto,34,52727
Piemonte,35,45395
Valle d'Aosta / Vallée d'Aoste,35,1310
Liguria,35,14620
Lombardia,35,116544
Provincia Autonoma Bolzano / Bozen,35,6180
Provincia Autonoma Trento,35,6084
Veneto,35,52812
Friuli-Venezia Giulia,35,12598
Emilia-Romagna,35,50482
Toscana,35,40126
Umbria,35,9619
Marche,35,16481
Lazio,35,69063
Abruzzo,35,15232
Molise,35,3427
Campania,35,71437
Puglia,35,45872
Basilicata,35,6639
Calabria,35,23663
Sicilia,35,58992
Sardegna,35,18438
Piemonte,36,46805
Liguria,36,15011
Provincia Autonoma Trento,36,6273
Molise,36,3479
Campania,36,72005
Puglia,36,46187
Basilicata,36,6540
Calabria,36,23522
Sicilia,36,58231
Sardegna,36,18942
Valle d'Aosta / Vallée d'Aoste,36,1383
Lombardia,36,119588
Provincia Autonoma Bolzano / Bozen,36,6356
Veneto,36,53983
Friuli-Venezia Giulia,36,12650
Emilia-Romagna,36,51621
Toscana,36,41282
Umbria,36,10280
Marche,36,17006
Lazio,36,70605
Abruzzo,36,15229
Umbria,37,10214
Marche,37,17745
Lazio,37,73521
Puglia,37,47711
Piemonte,37,48704
Valle d'Aosta / Vallée d'Aoste,37,1409
Liguria,37,14994
Lombardia,37,124112
Provincia Autonoma Bolzano / Bozen,37,6715
Provincia Autonoma Trento,37,6344
Veneto,37,56135
Friuli-Venezia Giulia,37,13386
Emilia-Romagna,37,53200
Toscana,37,42516
Abruzzo,37,15931
Molise,37,3583
Campania,37,73816
Basilicata,37,6627
Calabria,37,23993
Sicilia,37,60130
Sardegna,37,19990
Abruzzo,38,15835
Molise,38,3645
Campania,38,72941
Puglia,38,48430
Basilicata,38,6599
Calabria,38,23949
Sicilia,38,60229
Sardegna,38,20050
Piemonte,38,48902
Valle d'Aosta / Vallée d'Aoste,38,1329
Liguria,38,15667
Lombardia,38,124995
Provincia Autonoma Bolzano / Bozen,38,6746
Provincia Autonoma Trento,38,6210
Veneto,38,57256
Friuli-Venezia Giulia,38,13489
Emilia-Romagna,38,53613
Toscana,38,43111
Umbria,38,10491
Marche,38,17844
Lazio,38,74362
Piemonte,39,50271
Valle d'Aosta / Vallée d'Aoste,39,1440
Liguria,39,15533
Lombardia,39,127531
Provincia Autonoma Bolzano / Bozen,39,6727
Provincia Autonoma Trento,39,6408
Veneto,39,58838
Friuli-Venezia Giulia,39,14008
Emilia-Romagna,39,55662
Toscana,39,44417
Umbria,39,10592
Marche,39,18625
Lazio,39,75841
Abruzzo,39,16291
Molise,39,3586
Campania,39,73987
Puglia,39,49839
Basilicata,39,6613
Sicilia,39,62407
Calabria,39,24259
Sardegna,39,20855
Toscana,40,46583
Emilia-Romagna,40,57998
Abruzzo,40,16930
Lazio,40,78238
Piemonte,40,51568
Valle d'Aosta / Vallée d'Aoste,40,1424
Liguria,40,16270
Lombardia,40,130774
Provincia Autonoma Bolzano / Bozen,40,6593
Provincia Autonoma Trento,40,6586
Veneto,40,61341
Friuli-Venezia Giulia,40,14391
Umbria,40,11014
Marche,40,19450
Molise,40,3797
Campania,40,75640
Puglia,40,52533
Basilicata,40,6768
Calabria,40,24826
Sicilia,40,63097
Sardegna,40,21050
Piemonte,41,55153
Valle d'Aosta / Vallée d'Aoste,41,1708
Liguria,41,17586
Lombardia,41,138105
Provincia Autonoma Bolzano / Bozen,41,6778
Provincia Autonoma Trento,41,7105
Veneto,41,65589
Friuli-Venezia Giulia,41,15664
Emilia-Romagna,41,61720
Toscana,41,49404
Umbria,41,11605
Marche,41,20699
Lazio,41,82513
Abruzzo,41,17594
Molise,41,3902
Puglia,41,54289
Basilicata,41,7219
Calabria,41,25160
Campania,41,77715
Sicilia,41,64894
Sardegna,41,23090
Friuli-Venezia Giulia,42,15915
Emilia-Romagna,42,64322
Toscana,42,51276
Piemonte,42,58102
Valle d'Aosta / Vallée d'Aoste,42,1659
Liguria,42,18607
Lombardia,42,144006
Provincia Autonoma Bolzano / Bozen,42,6752
Provincia Autonoma Trento,42,7228
Veneto,42,68034
Umbria,42,12087
Marche,42,21294
Lazio,42,84090
Abruzzo,42,17738
Molise,42,3963
Campania,42,79245
Puglia,42,56482
Basilicata,42,7361
Calabria,42,25690
Sicilia,42,65838
Sardegna,42,23517
Piemonte,43,60774
Valle d'Aosta / Vallée d'Aoste,43,1782
Liguria,43,19788
Lombardia,43,149545
Provincia Autonoma Bolzano / Bozen,43,6958
Provincia Autonoma Trento,43,7589
Veneto,43,71149
Friuli-Venezia Giulia,43,16874
Emilia-Romagna,43,67516
Toscana,43,53755
Marche,43,21904
Umbria,43,12424
Lazio,43,87658
Abruzzo,43,18493
Molise,43,4066
Campania,43,82208
Puglia,43,58656
Basilicata,43,7870
Calabria,43,26939
Sicilia,43,69048
Sardegna,43,24468
Piemonte,44,64456
Valle d'Aosta / Vallée d'Aoste,44,1841
Liguria,44,21177
Lombardia,44,159303
Abruzzo,44,19005
Molise,44,4324
Campania,44,85009
Puglia,44,60241
Basilicata,44,7989
Calabria,44,26861
Sicilia,44,70808
Sardegna,44,25721
Provincia Autonoma Bolzano / Bozen,44,7433
Provincia Autonoma Trento,44,7878
Veneto,44,74794
Friuli-Venezia Giulia,44,17871
Emilia-Romagna,44,70994
Toscana,44,56570
Umbria,44,13041
Marche,44,23021
Lazio,44,92094
Piemonte,45,67320
Toscana,45,59349
Valle d'Aosta / Vallée d'Aoste,45,1955
Umbria,45,13644
Liguria,45,22576
Lombardia,45,164177
Provincia Autonoma Bolzano / Bozen,45,7881
Provincia Autonoma Trento,45,8348
Veneto,45,79530
Friuli-Venezia Giulia,45,19320
Emilia-Romagna,45,74067
Marche,45,23585
Lazio,45,95799
Abruzzo,45,19819
Molise,45,4499
Campania,45,87943
Puglia,45,61782
Basilicata,45,8189
Calabria,45,27183
Sicilia,45,73357
Sardegna,45,26868
Provincia Autonoma Bolzano / Bozen,46,7970
Provincia Autonoma Trento,46,8302
Veneto,46,78989
Friuli-Venezia Giulia,46,19133
Emilia-Romagna,46,74043
Toscana,46,59592
Umbria,46,13561
Marche,46,23247
Lazio,46,95794
Abruzzo,46,19575
Molise,46,4340
Campania,46,86661
Puglia,46,59871
Basilicata,46,8059
Calabria,46,27117
Sicilia,46,72020
Sardegna,46,26881
Piemonte,47,68869
Valle d'Aosta / Vallée d'Aoste,47,2017
Liguria,47,24222
Lombardia,47,165437
Provincia Autonoma Bolzano / Bozen,47,8319
Provincia Autonoma Trento,47,8194
Veneto,47,80178
Friuli-Venezia Giulia,47,19738
Emilia-Romagna,47,74226
Toscana,47,60095
Umbria,47,13400
Marche,47,23494
Lazio,47,96772
Abruzzo,47,20194
Molise,47,4457
Campania,47,87234
Puglia,47,58990
Basilicata,47,8244
Calabria,47,27347
Sicilia,47,72415
Sardegna,47,26575
Piemonte,48,69993
Valle d'Aosta / Vallée d'Aoste,48,2102
Liguria,48,24490
Lombardia,48,165584
Provincia Autonoma Bolzano / Bozen,48,8499
Provincia Autonoma Trento,48,8577
Veneto,48,81203
Friuli-Venezia Giulia,48,19782
Emilia-Romagna,48,74728
Toscana,48,60564
Umbria,48,13633
Marche,48,24262
Lazio,48,96727
Abruzzo,48,20558
Molise,48,4428
Campania,48,87685
Puglia,48,60408
Basilicata,48,8326
Calabria,48,27763
Sicilia,48,73849
Sardegna,48,26547
Piemonte,46,67215
Valle d'Aosta / Vallée d'Aoste,46,2003
Liguria,46,22990
Lombardia,46,164021
Piemonte,49,69295
Valle d'Aosta / Vallée d'Aoste,49,2064
Liguria,49,24664
Lombardia,49,164121
Provincia Autonoma Bolzano / Bozen,49,8481
Provincia Autonoma Trento,49,8281
Veneto,49,81245
Friuli-Venezia Giulia,49,19989
Emilia-Romagna,49,73698
Toscana,49,59479
Umbria,49,13423
Marche,49,23494
Lazio,49,96643
Abruzzo,49,20154
Molise,49,4438
Campania,49,86257
Puglia,49,60040
Basilicata,49,8442
Calabria,49,27531
Sicilia,49,73113
Sardegna,49,26213
Toscana,50,61065
Umbria,50,13860
Marche,50,24388
Lazio,50,97972
Abruzzo,50,21054
Molise,50,4683
Campania,50,88559
Basilicata,50,8681
Calabria,50,29051
Sicilia,50,75468
Sardegna,50,27069
Piemonte,50,71752
Valle d'Aosta / Vallée d'Aoste,50,2201
Liguria,50,25246
Lombardia,50,168262
Provincia Autonoma Bolzano / Bozen,50,8896
Provincia Autonoma Trento,50,8738
Veneto,50,83349
Friuli-Venezia Giulia,50,20071
Emilia-Romagna,50,74376
Puglia,50,61584
Piemonte,51,71239
Valle d'Aosta / Vallée d'Aoste,51,2112
Liguria,51,25485
Lombardia,51,167340
Provincia Autonoma Bolzano / Bozen,51,8770
Provincia Autonoma Trento,51,8707
Veneto,51,82398
Friuli-Venezia Giulia,51,19983
Emilia-Romagna,51,73973
Toscana,51,60195
Umbria,51,13812
Marche,51,24050
Lazio,51,96850
Abruzzo,51,20872
Molise,51,4695
Campania,51,88490
Puglia,51,61788
Basilicata,51,8756
Calabria,51,28619
Sicilia,51,74499
Sardegna,51,26348
Piemonte,52,71191
Valle d'Aosta / Vallée d'Aoste,52,2175
Liguria,52,25351
Lombardia,52,166682
Provincia Autonoma Bolzano / Bozen,52,8578
Provincia Autonoma Trento,52,8838
Veneto,52,83014
Friuli-Venezia Giulia,52,20217
Emilia-Romagna,52,72843
Toscana,52,60599
Umbria,52,13653
Marche,52,24125
Lazio,52,96901
Abruzzo,52,21060
Molise,52,4821
Campania,52,89510
Puglia,52,62572
Basilicata,52,9022
Calabria,52,28953
Sicilia,52,75229
Sardegna,52,27194
Piemonte,53,71724
Valle d'Aosta / Vallée d'Aoste,53,2203
Liguria,53,26340
Lombardia,53,169652
Provincia Autonoma Bolzano / Bozen,53,8818
Provincia Autonoma Trento,53,8966
Veneto,53,83653
Friuli-Venezia Giulia,53,20257
Emilia-Romagna,53,73514
Toscana,53,61360
Umbria,53,13660
Marche,53,24284
Lazio,53,97282
Abruzzo,53,21245
Molise,53,4886
Campania,53,90043
Puglia,53,63011
Basilicata,53,8759
Calabria,53,29047
Sicilia,53,74688
Sardegna,53,27423
Piemonte,54,71373
Valle d'Aosta / Vallée d'Aoste,54,2113
Liguria,54,26833
Lombardia,54,168236
Provincia Autonoma Bolzano / Bozen,54,8836
Provincia Autonoma Trento,54,9073
Veneto,54,83635
Friuli-Venezia Giulia,54,20487
Emilia-Romagna,54,72467
Toscana,54,61325
Umbria,54,14170
Marche,54,24160
Lazio,54,97103
Abruzzo,54,21272
Molise,54,4884
Campania,54,89931
Puglia,54,63002
Basilicata,54,8917
Calabria,54,28804
Sicilia,54,74090
Sardegna,54,27344
Piemonte,55,72421
Valle d'Aosta / Vallée d'Aoste,55,2262
Liguria,55,27047
Lombardia,55,166957
Provincia Autonoma Trento,55,9053
Veneto,55,84302
Friuli-Venezia Giulia,55,20824
Emilia-Romagna,55,73674
Toscana,55,61888
Provincia Autonoma Bolzano / Bozen,55,8770
Umbria,55,14230
Marche,55,24853
Lazio,55,98595
Abruzzo,55,21378
Molise,55,5053
Campania,55,91751
Puglia,55,63905
Basilicata,55,9227
Calabria,55,30062
Sicilia,55,76013
Sardegna,55,27906
Friuli-Venezia Giulia,56,19748
Emilia-Romagna,56,68878
Toscana,56,57768
Umbria,56,13330
Marche,56,23517
Lazio,56,92261
Piemonte,56,67550
Valle d'Aosta / Vallée d'Aoste,56,2078
Liguria,56,25426
Lombardia,56,155897
Provincia Autonoma Bolzano / Bozen,56,8200
Provincia Autonoma Trento,56,8496
Veneto,56,78942
Abruzzo,56,20132
Molise,56,4694
Campania,56,85981
Puglia,56,59288
Basilicata,56,8721
Calabria,56,28373
Sicilia,56,71871
Sardegna,56,26674
Toscana,57,55650
Umbria,57,12955
Marche,57,22386
Lazio,57,88179
Abruzzo,57,19393
Molise,57,4566
Campania,57,83901
Puglia,57,57748
Basilicata,57,8800
Calabria,57,28281
Sicilia,57,71584
Sardegna,57,25997
Piemonte,57,65010
Valle d'Aosta / Vallée d'Aoste,57,1912
Liguria,57,24459
Lombardia,57,147857
Provincia Autonoma Bolzano / Bozen,57,7830
Provincia Autonoma Trento,57,7951
Veneto,57,75880
Friuli-Venezia Giulia,57,18680
Emilia-Romagna,57,66450
Piemonte,58,64262
Valle d'Aosta / Vallée d'Aoste,58,1940
Liguria,58,23668
Lombardia,58,143184
Provincia Autonoma Bolzano / Bozen,58,7585
Provincia Autonoma Trento,58,8167
Veneto,58,74210
Friuli-Venezia Giulia,58,18219
Emilia-Romagna,58,64992
Toscana,58,54466
Umbria,58,12907
Marche,58,22636
Lazio,58,85679
Abruzzo,58,19039
Molise,58,4524
Campania,58,82037
Puglia,58,57131
Basilicata,58,8555
Calabria,58,27957
Sicilia,58,69770
Sardegna,58,25451
Piemonte,59,62176
Valle d'Aosta / Vallée d'Aoste,59,1761
Sicilia,59,69753
Sardegna,59,24662
Liguria,59,22830
Lombardia,59,138042
Provincia Autonoma Bolzano / Bozen,59,7256
Provincia Autonoma Trento,59,7816
Veneto,59,70077
Friuli-Venezia Giulia,59,17597
Emilia-Romagna,59,62930
Toscana,59,52794
Umbria,59,12722
Marche,59,21795
Lazio,59,82008
Abruzzo,59,18712
Molise,59,4637
Campania,59,78481
Puglia,59,55557
Basilicata,59,8384
Calabria,59,27657
Piemonte,60,60580
Valle d'Aosta / Vallée d'Aoste,60,1857
Liguria,60,22619
Lombardia,60,133949
Provincia Autonoma Bolzano / Bozen,60,6954
Provincia Autonoma Trento,60,7590
Veneto,60,69527
Friuli-Venezia Giulia,60,17347
Emilia-Romagna,60,61429
Toscana,60,51500
Umbria,60,12188
Marche,60,21200
Lazio,60,79288
Abruzzo,60,18421
Molise,60,4444
Campania,60,77176
Puglia,60,54177
Basilicata,60,8051
Calabria,60,26960
Sicilia,60,66165
Sardegna,60,24117
Sardegna,61,23682
Basilicata,61,7763
Sicilia,61,63998
Puglia,61,51287
Calabria,61,25056
Piemonte,61,58898
Valle d'Aosta / Vallée d'Aoste,61,1666
Liguria,61,21614
Lombardia,61,127416
Provincia Autonoma Bolzano / Bozen,61,6499
Provincia Autonoma Trento,61,7146
Veneto,61,65103
Friuli-Venezia Giulia,61,16354
Emilia-Romagna,61,58440
Toscana,61,49497
Umbria,61,11533
Abruzzo,61,17733
Molise,61,4204
Campania,61,73066
Marche,61,20562
Lazio,61,75814
Piemonte,62,58516
Valle d'Aosta / Vallée d'Aoste,62,1661
Liguria,62,21355
Lombardia,62,124714
Provincia Autonoma Bolzano / Bozen,62,6269
Provincia Autonoma Trento,62,7083
Veneto,62,63594
Friuli-Venezia Giulia,62,15961
Emilia-Romagna,62,57966
Toscana,62,48339
Umbria,62,11285
Marche,62,20083
Lazio,62,74285
Abruzzo,62,17472
Molise,62,4204
Campania,62,71977
Puglia,62,51927
Basilicata,62,7606
Calabria,62,25763
Sicilia,62,63784
Sardegna,62,23647
Piemonte,63,57123
Valle d'Aosta / Vallée d'Aoste,63,1598
Liguria,63,20763
Lombardia,63,122405
Basilicata,63,7725
Calabria,63,24875
Sicilia,63,62144
Sardegna,63,23132
Provincia Autonoma Bolzano / Bozen,63,5928
Provincia Autonoma Trento,63,6963
Veneto,63,62342
Friuli-Venezia Giulia,63,15747
Emilia-Romagna,63,56909
Toscana,63,47620
Umbria,63,11469
Marche,63,20198
Lazio,63,72422
Abruzzo,63,17178
Molise,63,4197
Campania,63,68582
Puglia,63,50411
Sardegna,64,22390
Piemonte,64,55970
Valle d'Aosta / Vallée d'Aoste,64,1622
Liguria,64,20083
Lombardia,64,118648
Provincia Autonoma Bolzano / Bozen,64,5621
Provincia Autonoma Trento,64,6699
Veneto,64,59960
Friuli-Venezia Giulia,64,15377
Emilia-Romagna,64,54473
Toscana,64,46609
Umbria,64,11175
Marche,64,19403
Lazio,64,71015
Abruzzo,64,17188
Molise,64,4121
Campania,64,69129
Puglia,64,49916
Basilicata,64,7406
Calabria,64,24673
Sicilia,64,61780
Piemonte,65,55161
Valle d'Aosta / Vallée d'Aoste,65,1592
Liguria,65,19979
Lombardia,65,115894
Provincia Autonoma Bolzano / Bozen,65,5400
Provincia Autonoma Trento,65,6501
Veneto,65,58876
Friuli-Venezia Giulia,65,15102
Emilia-Romagna,65,52880
Toscana,65,46049
Umbria,65,10886
Marche,65,18696
Lazio,65,69454
Abruzzo,65,16796
Molise,65,4158
Campania,65,68139
Puglia,65,48418
Basilicata,65,7396
Calabria,65,24475
Sicilia,65,61081
Sardegna,65,22651
Provincia Autonoma Bolzano / Bozen,66,5285
Provincia Autonoma Trento,66,6403
Veneto,66,56779
Friuli-Venezia Giulia,66,15000
Emilia-Romagna,66,50532
Toscana,66,43629
Umbria,66,10689
Marche,66,18150
Lazio,66,65275
Abruzzo,66,15728
Molise,66,3786
Campania,66,62292
Puglia,66,46694
Basilicata,66,6810
Piemonte,66,53151
Valle d'Aosta / Vallée d'Aoste,66,1560
Liguria,66,19302
Lombardia,66,111738
Calabria,66,23045
Sicilia,66,56152
Sardegna,66,21488
Provincia Autonoma Bolzano / Bozen,67,5116
Provincia Autonoma Trento,67,6238
Veneto,67,55612
Friuli-Venezia Giulia,67,14809
Emilia-Romagna,67,49703
Toscana,67,43128
Umbria,67,10082
Marche,67,18060
Abruzzo,67,15599
Molise,67,3912
Piemonte,67,52941
Valle d'Aosta / Vallée d'Aoste,67,1493
Liguria,67,18664
Lazio,67,63408
Campania,67,60040
Puglia,67,44689
Basilicata,67,6704
Calabria,67,21745
Sicilia,67,55395
Sardegna,67,21132
Lombardia,67,111032
Piemonte,68,51885
Valle d'Aosta / Vallée d'Aoste,68,1510
Liguria,68,18617
Lombardia,68,109629
Provincia Autonoma Bolzano / Bozen,68,4944
Provincia Autonoma Trento,68,6075
Veneto,68,54670
Friuli-Venezia Giulia,68,14594
Emilia-Romagna,68,48825
Toscana,68,42836
Marche,68,18280
Lazio,68,62378
Abruzzo,68,15596
Molise,68,3605
Campania,68,59873
Puglia,68,46067
Basilicata,68,6568
Calabria,68,22154
Sicilia,68,54596
Sardegna,68,20698
Umbria,68,10556
Piemonte,69,54006
Liguria,69,19779
Lombardia,69,113693
Provincia Autonoma Bolzano / Bozen,69,5025
Provincia Autonoma Trento,69,6329
Friuli-Venezia Giulia,69,15498
Emilia-Romagna,69,51054
Calabria,69,22469
Sicilia,69,56106
Sardegna,69,20704
Valle d'Aosta / Vallée d'Aoste,69,1501
Veneto,69,56747
Toscana,69,44046
Umbria,69,10676
Marche,69,18534
Lazio,69,63750
Abruzzo,69,15994
Molise,69,3878
Campania,69,60593
Puglia,69,47314
Basilicata,69,6788
Provincia Autonoma Trento,70,5946
Veneto,70,55693
Friuli-Venezia Giulia,70,15212
Piemonte,70,54376
Valle d'Aosta / Vallée d'Aoste,70,1582
Liguria,70,19963
Lombardia,70,114336
Provincia Autonoma Bolzano / Bozen,70,4875
Emilia-Romagna,70,51451
Toscana,70,45862
Umbria,70,11005
Marche,70,17853
Lazio,70,63403
Abruzzo,70,16233
Molise,70,4030
Campania,70,60189
Puglia,70,46899
Basilicata,70,6820
Calabria,70,22360
Sicilia,70,56049
Sardegna,70,20003
Emilia-Romagna,71,54078
Veneto,71,57082
Provincia Autonoma Trento,71,6070
Basilicata,71,6979
Provincia Autonoma Bolzano / Bozen,71,5061
Sardegna,71,20252
Lombardia,71,117752
Calabria,71,22483
Sicilia,71,57555
Marche,71,18308
Toscana,71,48626
Umbria,71,11713
Lazio,71,66355
Campania,71,61147
Puglia,71,49398
Abruzzo,71,16349
Molise,71,3905
Friuli-Venezia Giulia,71,16138
Piemonte,71,56949
Valle d'Aosta / Vallée d'Aoste,71,1595
Liguria,71,21024
Liguria,72,21505
Lombardia,72,113502
Provincia Autonoma Bolzano / Bozen,72,4819
Provincia Autonoma Trento,72,5930
Veneto,72,55342
Friuli-Venezia Giulia,72,16064
Emilia-Romagna,72,53467
Toscana,72,48299
Umbria,72,10765
Marche,72,17589
Lazio,72,65262
Piemonte,72,55359
Valle d'Aosta / Vallée d'Aoste,72,1481
Abruzzo,72,15403
Molise,72,3708
Campania,72,58376
Puglia,72,46130
Basilicata,72,6282
Calabria,72,21708
Sicilia,72,56284
Sardegna,72,19302
Piemonte,73,53609
Valle d'Aosta / Vallée d'Aoste,73,1408
Liguria,73,21477
Lombardia,73,115962
Provincia Autonoma Bolzano / Bozen,73,5228
Provincia Autonoma Trento,73,6215
Veneto,73,59502
Friuli-Venezia Giulia,73,16760
Emilia-Romagna,73,53910
Toscana,73,48276
Umbria,73,10288
Marche,73,17545
Lazio,73,62964
Abruzzo,73,14841
Molise,73,3408
Campania,73,58268
Puglia,73,45048
Basilicata,73,5680
Calabria,73,19731
Sicilia,73,51046
Sardegna,73,17913
Piemonte,74,40698
Valle d'Aosta / Vallée d'Aoste,74,1082
Liguria,74,15458
Lombardia,74,84776
Provincia Autonoma Bolzano / Bozen,74,3818
Provincia Autonoma Trento,74,4321
Veneto,74,40425
Friuli-Venezia Giulia,74,11362
Emilia-Romagna,74,37788
Toscana,74,37174
Umbria,74,8207
Marche,74,14410
Lazio,74,48744
Abruzzo,74,11066
Molise,74,2641
Campania,74,46997
Puglia,74,37758
Basilicata,74,4399
Calabria,74,15234
Sicilia,74,42761
Sardegna,74,16626
Piemonte,75,43227
Valle d'Aosta / Vallée d'Aoste,75,1148
Liguria,75,17305
Lombardia,75,89829
Provincia Autonoma Bolzano / Bozen,75,4477
Provincia Autonoma Trento,75,4785
Veneto,75,46259
Friuli-Venezia Giulia,75,13440
Emilia-Romagna,75,41845
Toscana,75,36787
Umbria,75,8656
Marche,75,13831
Lazio,75,48387
Abruzzo,75,11792
Molise,75,2571
Campania,75,39694
Puglia,75,33739
Basilicata,75,4319
Calabria,75,15125
Sicilia,75,40547
Sardegna,75,16120
Piemonte,76,42568
Valle d'Aosta / Vallée d'Aoste,76,1202
Liguria,76,16708
Lombardia,76,87799
Provincia Autonoma Bolzano / Bozen,76,4815
Provincia Autonoma Trento,76,4895
Veneto,76,46642
Friuli-Venezia Giulia,76,13071
Emilia-Romagna,76,41123
Toscana,76,36527
Umbria,76,8979
Marche,76,14424
Lazio,76,50014
Abruzzo,76,11286
Molise,76,2395
Campania,76,42313
Puglia,76,33283
Basilicata,76,4245
Calabria,76,14777
Sicilia,76,38149
Sardegna,76,15409
Piemonte,77,42562
Valle d'Aosta / Vallée d'Aoste,77,1186
Lombardia,77,88391
Veneto,77,44644
Sardegna,77,15587
Liguria,77,16967
Provincia Autonoma Bolzano / Bozen,77,4692
Provincia Autonoma Trento,77,4799
Friuli-Venezia Giulia,77,13001
Emilia-Romagna,77,39912
Toscana,77,34616
Umbria,77,8195
Marche,77,13535
Lazio,77,47928
Abruzzo,77,10827
Molise,77,2297
Campania,77,39699
Puglia,77,33583
Basilicata,77,4181
Calabria,77,14505
Sicilia,77,37239
Piemonte,78,42430
Valle d'Aosta / Vallée d'Aoste,78,1183
Liguria,78,17282
Lombardia,78,88964
Provincia Autonoma Bolzano / Bozen,78,4671
Provincia Autonoma Trento,78,4673
Veneto,78,43629
Friuli-Venezia Giulia,78,12960
Emilia-Romagna,78,40284
Toscana,78,35234
Umbria,78,8199
Marche,78,13414
Lazio,78,47634
Abruzzo,78,10736
Molise,78,2523
Campania,78,37467
Puglia,78,31336
Basilicata,78,4124
Calabria,78,13777
Sicilia,78,36582
Sardegna,78,14214
Piemonte,79,45638
Valle d'Aosta / Vallée d'Aoste,79,1222
Liguria,79,18345
Lombardia,79,94898
Provincia Autonoma Bolzano / Bozen,79,4157
Provincia Autonoma Trento,79,4682
Veneto,79,45225
Friuli-Venezia Giulia,79,13401
Emilia-Romagna,79,43271
Toscana,79,38750
Umbria,79,8997
Marche,79,15032
Lazio,79,51316
Abruzzo,79,12039
Molise,79,2813
Campania,79,40230
Puglia,79,33360
Basilicata,79,4776
Calabria,79,15508
Sicilia,79,40753
Sardegna,79,15431
Toscana,80,36741
Umbria,80,8659
Marche,80,15066
Lazio,80,48404
Abruzzo,80,11902
Molise,80,2933
Campania,80,38307
Puglia,80,32234
Basilicata,80,4871
Calabria,80,14773
Sicilia,80,38195
Sardegna,80,14178
Piemonte,80,44405
Valle d'Aosta / Vallée d'Aoste,80,1114
Liguria,80,17679
Lombardia,80,90760
Provincia Autonoma Bolzano / Bozen,80,4061
Provincia Autonoma Trento,80,4306
Veneto,80,43265
Friuli-Venezia Giulia,80,12443
Emilia-Romagna,80,41788
Piemonte,81,42233
Valle d'Aosta / Vallée d'Aoste,81,1118
Liguria,81,16903
Lombardia,81,85531
Provincia Autonoma Bolzano / Bozen,81,3621
Provincia Autonoma Trento,81,4067
Veneto,81,40421
Friuli-Venezia Giulia,81,11654
Emilia-Romagna,81,40600
Toscana,81,35999
Umbria,81,8619
Marche,81,14764
Lazio,81,45267
Abruzzo,81,10598
Molise,81,2442
Campania,81,34281
Puglia,81,29672
Basilicata,81,4548
Calabria,81,13634
Sicilia,81,35414
Sardegna,81,12485
Piemonte,82,37401
Valle d'Aosta / Vallée d'Aoste,82,975
Liguria,82,15244
Lombardia,82,74385
Provincia Autonoma Bolzano / Bozen,82,3203
Provincia Autonoma Trento,82,3575
Veneto,82,35609
Friuli-Venezia Giulia,82,10352
Emilia-Romagna,82,35471
Toscana,82,31568
Umbria,82,7443
Marche,82,12923
Lazio,82,40468
Abruzzo,82,10210
Molise,82,2406
Puglia,82,27231
Basilicata,82,4415
Calabria,82,12649
Sicilia,82,30774
Sardegna,82,11308
Campania,82,31460
Valle d'Aosta / Vallée d'Aoste,83,851
Lombardia,83,65275
Piemonte,83,33293
Veneto,83,31710
Lazio,83,36413
Liguria,83,13592
Marche,83,11521
Provincia Autonoma Bolzano / Bozen,83,2913
Provincia Autonoma Trento,83,3256
Friuli-Venezia Giulia,83,9160
Emilia-Romagna,83,31284
Toscana,83,27807
Umbria,83,6652
Abruzzo,83,9233
Molise,83,2351
Campania,83,27907
Puglia,83,24259
Basilicata,83,4049
Calabria,83,11992
Sicilia,83,28799
Sardegna,83,10617
Campania,84,26861
Piemonte,84,32107
Valle d'Aosta / Vallée d'Aoste,84,764
Liguria,84,12881
Lombardia,84,63704
Provincia Autonoma Bolzano / Bozen,84,2666
Provincia Autonoma Trento,84,3181
Veneto,84,30724
Friuli-Venezia Giulia,84,8556
Emilia-Romagna,84,31628
Toscana,84,27321
Marche,84,11486
Lazio,84,34924
Abruzzo,84,8885
Molise,84,2230
Puglia,84,23256
Basilicata,84,3774
Calabria,84,11467
Sicilia,84,27341
Sardegna,84,9341
Umbria,84,6480
Piemonte,85,28730
Valle d'Aosta / Vallée d'Aoste,85,682
Liguria,85,11630
Lombardia,85,56653
Provincia Autonoma Bolzano / Bozen,85,2556
Provincia Autonoma Trento,85,2866
Veneto,85,28013
Friuli-Venezia Giulia,85,7495
Emilia-Romagna,85,29281
Toscana,85,24152
Marche,85,10350
Lazio,85,31562
Abruzzo,85,8051
Molise,85,2138
Umbria,85,6038
Campania,85,23599
Puglia,85,21351
Basilicata,85,3646
Calabria,85,10496
Sicilia,85,25747
Sardegna,85,9221
Piemonte,86,25441
Liguria,86,10754
Lombardia,86,50629
Provincia Autonoma Bolzano / Bozen,86,2394
Provincia Autonoma Trento,86,2602
Valle d'Aosta / Vallée d'Aoste,86,675
Veneto,86,23917
Friuli-Venezia Giulia,86,6786
Emilia-Romagna,86,25567
Toscana,86,21910
Umbria,86,5531
Marche,86,9321
Lazio,86,27834
Abruzzo,86,7676
Molise,86,1939
Campania,86,21981
Puglia,86,18929
Basilicata,86,3269
Calabria,86,9918
Sicilia,86,23276
Sardegna,86,8448
Piemonte,87,23181
Valle d'Aosta / Vallée d'Aoste,87,572
Liguria,87,9935
Lombardia,87,45748
Provincia Autonoma Bolzano / Bozen,87,2133
Provincia Autonoma Trento,87,2390
Veneto,87,21956
Friuli-Venezia Giulia,87,6167
Emilia-Romagna,87,22390
Toscana,87,19539
Umbria,87,4716
Marche,87,7928
Lazio,87,24289
Abruzzo,87,6435
Molise,87,1650
Campania,87,19189
Puglia,87,16787
Basilicata,87,2777
Calabria,87,8623
Sicilia,87,19702
Sardegna,87,7299
Piemonte,88,20849
Valle d'Aosta / Vallée d'Aoste,88,532
Liguria,88,8900
Lombardia,88,40549
Provincia Autonoma Trento,88,2153
Veneto,88,19431
Friuli-Venezia Giulia,88,5492
Molise,88,1478
Campania,88,16702
Puglia,88,14899
Basilicata,88,2462
Calabria,88,7531
Sicilia,88,17468
Provincia Autonoma Bolzano / Bozen,88,1883
Emilia-Romagna,88,20690
Toscana,88,18021
Umbria,88,4550
Marche,88,7679
Lazio,88,21993
Abruzzo,88,5931
Sardegna,88,6310
Basilicata,89,2296
Calabria,89,6637
Sicilia,89,16414
Sardegna,89,5965
Valle d'Aosta / Vallée d'Aoste,89,517
Liguria,89,8292
Piemonte,89,19072
Lombardia,89,36243
Provincia Autonoma Bolzano / Bozen,89,1678
Provincia Autonoma Trento,89,2068
Veneto,89,17984
Friuli-Venezia Giulia,89,5202
Emilia-Romagna,89,18967
Toscana,89,16595
Umbria,89,4090
Marche,89,6787
Lazio,89,20224
Abruzzo,89,5567
Molise,89,1471
Campania,89,14986
Puglia,89,13606
Piemonte,90,15213
Valle d'Aosta / Vallée d'Aoste,90,412
Liguria,90,6801
Lombardia,90,29330
Provincia Autonoma Bolzano / Bozen,90,1341
Provincia Autonoma Trento,90,1660
Veneto,90,14176
Friuli-Venezia Giulia,90,4159
Emilia-Romagna,90,15279
Toscana,90,13374
Umbria,90,3236
Marche,90,5386
Lazio,90,15731
Abruzzo,90,4339
Molise,90,1140
Campania,90,11719
Puglia,90,10552
Basilicata,90,1856
Calabria,90,5285
Sicilia,90,12198
Sardegna,90,4833
Piemonte,91,12224
Valle d'Aosta / Vallée d'Aoste,91,342
Liguria,91,5576
Provincia Autonoma Trento,91,1412
Toscana,91,11330
Umbria,91,2734
Marche,91,4663
Lazio,91,12883
Abruzzo,91,3578
Molise,91,911
Campania,91,9629
Puglia,91,8831
Basilicata,91,1470
Calabria,91,4295
Sicilia,91,10251
Sardegna,91,4046
Lombardia,91,24052
Provincia Autonoma Bolzano / Bozen,91,1126
Veneto,91,12283
Friuli-Venezia Giulia,91,3518
Emilia-Romagna,91,13079
Umbria,92,2378
Marche,92,4051
Lazio,92,10436
Campania,92,7496
Abruzzo,92,3089
Molise,92,816
Puglia,92,7351
Basilicata,92,1223
Calabria,92,3431
Sicilia,92,7817
Sardegna,92,3156
Piemonte,92,10073
Valle d'Aosta / Vallée d'Aoste,92,268
Liguria,92,4571
Lombardia,92,19579
Provincia Autonoma Bolzano / Bozen,92,918
Provincia Autonoma Trento,92,1204
Veneto,92,10319
Friuli-Venezia Giulia,92,2977
Emilia-Romagna,92,10885
Toscana,92,9335
Piemonte,93,7696
Valle d'Aosta / Vallée d'Aoste,93,214
Liguria,93,3586
Lombardia,93,15293
Provincia Autonoma Bolzano / Bozen,93,732
Provincia Autonoma Trento,93,935
Veneto,93,7933
Friuli-Venezia Giulia,93,2472
Emilia-Romagna,93,8623
Toscana,93,7381
Umbria,93,1856
Marche,93,3215
Lazio,93,8429
Abruzzo,93,2326
Molise,93,640
Campania,93,5754
Puglia,93,5421
Basilicata,93,937
Calabria,93,2799
Sicilia,93,6439
Sardegna,93,2602
Calabria,94,2126
Sicilia,94,4838
Piemonte,94,5813
Valle d'Aosta / Vallée d'Aoste,94,166
Liguria,94,2808
Lombardia,94,11929
Provincia Autonoma Bolzano / Bozen,94,612
Provincia Autonoma Trento,94,735
Veneto,94,6268
Friuli-Venezia Giulia,94,1975
Emilia-Romagna,94,6974
Toscana,94,5678
Umbria,94,1510
Marche,94,2556
Sardegna,94,1814
Lazio,94,6231
Abruzzo,94,1789
Molise,94,456
Campania,94,4376
Puglia,94,4103
Basilicata,94,694
Piemonte,95,4291
Valle d'Aosta / Vallée d'Aoste,95,102
Liguria,95,2100
Lombardia,95,8983
Provincia Autonoma Bolzano / Bozen,95,449
Provincia Autonoma Trento,95,579
Veneto,95,4628
Friuli-Venezia Giulia,95,1565
Emilia-Romagna,95,5314
Toscana,95,4419
Umbria,95,1150
Marche,95,1782
Lazio,95,4874
Abruzzo,95,1396
Molise,95,393
Campania,95,3194
Puglia,95,2975
Basilicata,95,483
Calabria,95,1670
Sicilia,95,3801
Sardegna,95,1501
Piemonte,96,3253
Valle d'Aosta / Vallée d'Aoste,96,89
Puglia,96,2359
Basilicata,96,411
Calabria,96,1202
Sicilia,96,2514
Sardegna,96,1033
Liguria,96,1564
Lombardia,96,6634
Provincia Autonoma Bolzano / Bozen,96,350
Provincia Autonoma Trento,96,512
Veneto,96,3617
Friuli-Venezia Giulia,96,1187
Emilia-Romagna,96,4012
Toscana,96,3304
Umbria,96,783
Marche,96,1368
Lazio,96,3618
Abruzzo,96,1002
Molise,96,269
Campania,96,2366
Piemonte,97,2411
Valle d'Aosta / Vallée d'Aoste,97,63
Liguria,97,1174
Lombardia,97,4624
Sardegna,97,777
Provincia Autonoma Bolzano / Bozen,97,276
Provincia Autonoma Trento,97,357
Veneto,97,2412
Friuli-Venezia Giulia,97,833
Emilia-Romagna,97,2809
Toscana,97,2292
Umbria,97,542
Marche,97,935
Lazio,97,2566
Abruzzo,97,745
Molise,97,219
Basilicata,97,291
Campania,97,1670
Puglia,97,1625
Calabria,97,814
Sicilia,97,1867
Piemonte,98,1610
Valle d'Aosta / Vallée d'Aoste,98,49
Liguria,98,799
Lombardia,98,3328
Provincia Autonoma Bolzano / Bozen,98,167
Provincia Autonoma Trento,98,236
Veneto,98,1664
Friuli-Venezia Giulia,98,682
Emilia-Romagna,98,2008
Toscana,98,1681
Umbria,98,423
Marche,98,691
Lazio,98,1812
Abruzzo,98,526
Molise,98,162
Campania,98,1149
Puglia,98,1078
Basilicata,98,226
Calabria,98,567
Sicilia,98,1199
Sardegna,98,503
Sicilia,99,829
Sardegna,99,388
Piemonte,99,1008
Valle d'Aosta / Vallée d'Aoste,99,29
Liguria,99,547
Lombardia,99,2093
Provincia Autonoma Bolzano / Bozen,99,103
Provincia Autonoma Trento,99,165
Veneto,99,1068
Friuli-Venezia Giulia,99,426
Emilia-Romagna,99,1289
Umbria,99,249
Marche,99,446
Lazio,99,1230
Abruzzo,99,332
Toscana,99,1098
Molise,99,97
Campania,99,783
Puglia,99,725
Basilicata,99,107
Calabria,99,409
Provincia Autonoma Bolzano / Bozen,100,91
Provincia Autonoma Trento,100,127
Veneto,100,1142
Emilia-Romagna,100,1415
Piemonte,100,1096
Valle d'Aosta / Vallée d'Aoste,100,30
Liguria,100,633
Lombardia,100,2318
Friuli-Venezia Giulia,100,392
Toscana,100,1044
Umbria,100,278
Marche,100,447
Lazio,100,1417
Abruzzo,100,393
Molise,100,116
Campania,100,908
Puglia,100,882
Basilicata,100,125
Calabria,100,460
Sicilia,100,1032
Sardegna,100,458
